<Backups xmlns="http://www.microsoft.com/GroupPolicy/GPOOperations/Manifest" xmlns:mfst="http://www.microsoft.com/GroupPolicy/GPOOperations/Manifest" mfst:version="1.0"><BackupInst><GPOGuid><![CDATA[{37B1B168-0D77-43F7-B5F1-B4E65FFA69C7}]]></GPOGuid><GPODomain><![CDATA[CIS.BM]]></GPODomain><GPODomainGuid><![CDATA[{09a94884-59a0-4a2a-8795-69a6bc23c4e7}]]></GPODomainGuid><GPODomainController><![CDATA[WindowsBMDC.CIS.BM]]></GPODomainController><BackupTime><![CDATA[2024-03-11T12:31:31]]></BackupTime><ID><![CDATA[{675A6CDD-1994-478E-A1F8-EA6ADD435D0F}]]></ID><Comment><![CDATA[CIS Microsoft Windows Server 2022 v3.0.0 (23H2 ADMX/ADML) Domain Controller Next Generation]]></Comment><GPODisplayName><![CDATA[*Windows Server 2022 v3.0.0 DC NGWS]]></GPODisplayName></BackupInst></Backups>