<Backups xmlns="http://www.microsoft.com/GroupPolicy/GPOOperations/Manifest" xmlns:mfst="http://www.microsoft.com/GroupPolicy/GPOOperations/Manifest" mfst:version="1.0"><BackupInst><GPOGuid><![CDATA[{4A1D5A8C-5F6F-48DD-91B8-DDC94D11D243}]]></GPOGuid><GPODomain><![CDATA[CIS.BM]]></GPODomain><GPODomainGuid><![CDATA[{09a94884-59a0-4a2a-8795-69a6bc23c4e7}]]></GPODomainGuid><GPODomainController><![CDATA[WindowsBMDC.CIS.BM]]></GPODomainController><BackupTime><![CDATA[2024-03-11T12:31:05]]></BackupTime><ID><![CDATA[{63ED9226-1E8F-41A1-BC1F-6770746BB0BC}]]></ID><Comment><![CDATA[CIS Microsoft Windows Server 2022 v3.0.0 (23H2 ADMX/ADML) Domain Controller L2]]></Comment><GPODisplayName><![CDATA[*Windows Server 2022 v3.0.0 DC L2]]></GPODisplayName></BackupInst></Backups>