<Backups xmlns="http://www.microsoft.com/GroupPolicy/GPOOperations/Manifest" xmlns:mfst="http://www.microsoft.com/GroupPolicy/GPOOperations/Manifest" mfst:version="1.0"><BackupInst><GPOGuid><![CDATA[{5905EAFA-29C8-4245-9901-1608E67A0D20}]]></GPOGuid><GPODomain><![CDATA[CIS.BM]]></GPODomain><GPODomainGuid><![CDATA[{09a94884-59a0-4a2a-8795-69a6bc23c4e7}]]></GPODomainGuid><GPODomainController><![CDATA[WindowsBMDC.CIS.BM]]></GPODomainController><BackupTime><![CDATA[2024-03-11T12:32:01]]></BackupTime><ID><![CDATA[{B14F87D3-4086-4B93-8994-BC1CCDBAB3BA}]]></ID><Comment><![CDATA[CIS Microsoft Windows Server 2022 v3.0.0 (23H2 ADMX/ADML) Member Server L1]]></Comment><GPODisplayName><![CDATA[*Windows Server 2022 v3.0.0 MS L1]]></GPODisplayName></BackupInst></Backups>