<BackupInst xmlns="http://www.microsoft.com/GroupPolicy/GPOOperations/Manifest"><GPOGuid><![CDATA[{224BC9B9-E269-4F6A-8DB2-D92B0DD4202F}]]></GPOGuid><GPODomain><![CDATA[CIS.BM]]></GPODomain><GPODomainGuid><![CDATA[{09a94884-59a0-4a2a-8795-69a6bc23c4e7}]]></GPODomainGuid><GPODomainController><![CDATA[WindowsBMDC.CIS.BM]]></GPODomainController><BackupTime><![CDATA[2024-03-11T12:33:18]]></BackupTime><ID><![CDATA[{8AEA0D80-2438-46EA-9DCB-F7F3E5CB3D75}]]></ID><Comment><![CDATA[CIS Microsoft Windows Server 2022 v3.0.0 (23H2 ADMX/ADML) Member Server L1 User]]></Comment><GPODisplayName><![CDATA[*Windows Server 2022 v3.0.0 User L1]]></GPODisplayName></BackupInst>
