<Backups xmlns="http://www.microsoft.com/GroupPolicy/GPOOperations/Manifest" xmlns:mfst="http://www.microsoft.com/GroupPolicy/GPOOperations/Manifest" mfst:version="1.0"><BackupInst><GPOGuid><![CDATA[{11FA63BE-518D-43D0-89C0-C1B1290BAD12}]]></GPOGuid><GPODomain><![CDATA[CIS.BM]]></GPODomain><GPODomainGuid><![CDATA[{09a94884-59a0-4a2a-8795-69a6bc23c4e7}]]></GPODomainGuid><GPODomainController><![CDATA[WindowsBMDC.CIS.BM]]></GPODomainController><BackupTime><![CDATA[2024-03-11T12:32:59]]></BackupTime><ID><![CDATA[{F49F9AC4-0BB6-4A89-8785-AB72388E6B97}]]></ID><Comment><![CDATA[CIS Microsoft Windows Server 2022 v3.0.0 (23H2 ADMX/ADML) Member Server Next Generation]]></Comment><GPODisplayName><![CDATA[*Windows Server 2022 v3.0.0 MS NGWS]]></GPODisplayName></BackupInst></Backups>