<BackupInst xmlns="http://www.microsoft.com/GroupPolicy/GPOOperations/Manifest"><GPOGuid><![CDATA[{636029B0-047D-4AD5-B82F-AEFBB8EA930D}]]></GPOGuid><GPODomain><![CDATA[CIS.BM]]></GPODomain><GPODomainGuid><![CDATA[{09a94884-59a0-4a2a-8795-69a6bc23c4e7}]]></GPODomainGuid><GPODomainController><![CDATA[WindowsBMDC.CIS.BM]]></GPODomainController><BackupTime><![CDATA[2024-03-11T12:32:17]]></BackupTime><ID><![CDATA[{5D64DDDB-16AA-4960-B37E-FA2F4807ACB2}]]></ID><Comment><![CDATA[CIS Microsoft Windows Server 2022 v3.0.0 (23H2 ADMX/ADML) Member Server L2]]></Comment><GPODisplayName><![CDATA[*Windows Server 2022 v3.0.0 MS L2]]></GPODisplayName></BackupInst>
