<Backups xmlns="http://www.microsoft.com/GroupPolicy/GPOOperations/Manifest" xmlns:mfst="http://www.microsoft.com/GroupPolicy/GPOOperations/Manifest" mfst:version="1.0"><BackupInst><GPOGuid><![CDATA[{D8DB5D92-48EA-4ACD-9699-1D3897615A22}]]></GPOGuid><GPODomain><![CDATA[CIS.BM]]></GPODomain><GPODomainGuid><![CDATA[{09a94884-59a0-4a2a-8795-69a6bc23c4e7}]]></GPODomainGuid><GPODomainController><![CDATA[WindowsBMDC.CIS.BM]]></GPODomainController><BackupTime><![CDATA[2024-03-11T12:30:23]]></BackupTime><ID><![CDATA[{9A577A74-D2CD-4633-8D6D-706F06A7C0BF}]]></ID><Comment><![CDATA[CIS Microsoft Windows Server 2022 v3.0.0 (23H2 ADMX/ADML) Domain Controller L1]]></Comment><GPODisplayName><![CDATA[*Windows Server 2022 v3.0.0 DC L1]]></GPODisplayName></BackupInst></Backups>