<Backups xmlns="http://www.microsoft.com/GroupPolicy/GPOOperations/Manifest" xmlns:mfst="http://www.microsoft.com/GroupPolicy/GPOOperations/Manifest" mfst:version="1.0"><BackupInst><GPOGuid><![CDATA[{10C5ABE5-2C75-4C3F-963D-7074E5F12E01}]]></GPOGuid><GPODomain><![CDATA[CIS.BM]]></GPODomain><GPODomainGuid><![CDATA[{09a94884-59a0-4a2a-8795-69a6bc23c4e7}]]></GPODomainGuid><GPODomainController><![CDATA[WindowsBMDC.CIS.BM]]></GPODomainController><BackupTime><![CDATA[2024-03-11T12:33:37]]></BackupTime><ID><![CDATA[{7A240BBC-304E-4B13-92D0-EDEF5D78BC9C}]]></ID><Comment><![CDATA[CIS Microsoft Windows Server 2022 v3.0.0 (23H2 ADMX/ADML) Member Server L2 User]]></Comment><GPODisplayName><![CDATA[*Windows Server 2022 v3.0.0 User L2]]></GPODisplayName></BackupInst></Backups>