<Backups xmlns="http://www.microsoft.com/GroupPolicy/GPOOperations/Manifest" xmlns:mfst="http://www.microsoft.com/GroupPolicy/GPOOperations/Manifest" mfst:version="1.0"><BackupInst><GPOGuid><![CDATA[{68A8E0C8-0220-4E56-86CF-5219DFE64B98}]]></GPOGuid><GPODomain><![CDATA[CIS.BM]]></GPODomain><GPODomainGuid><![CDATA[{09a94884-59a0-4a2a-8795-69a6bc23c4e7}]]></GPODomainGuid><GPODomainController><![CDATA[WindowsBMDC.CIS.BM]]></GPODomainController><BackupTime><![CDATA[2024-03-11T12:32:36]]></BackupTime><ID><![CDATA[{856AB4B6-1966-4B05-940B-8DC4542A9D76}]]></ID><Comment><![CDATA[CIS Microsoft Windows Server 2022 v3.0.0 (23H2 ADMX/ADML) Member Server L2 Services]]></Comment><GPODisplayName><![CDATA[*Windows Server 2022 v3.0.0 MS L2 Services]]></GPODisplayName></BackupInst></Backups>