<Backups xmlns="http://www.microsoft.com/GroupPolicy/GPOOperations/Manifest" xmlns:mfst="http://www.microsoft.com/GroupPolicy/GPOOperations/Manifest" mfst:version="1.0"><BackupInst><GPOGuid><![CDATA[{3BC4EF0F-2F2B-40EB-B807-720DC9F3A79E}]]></GPOGuid><GPODomain><![CDATA[CIS.BM]]></GPODomain><GPODomainGuid><![CDATA[{09a94884-59a0-4a2a-8795-69a6bc23c4e7}]]></GPODomainGuid><GPODomainController><![CDATA[WindowsBMDC.CIS.BM]]></GPODomainController><BackupTime><![CDATA[2024-03-11T12:30:48]]></BackupTime><ID><![CDATA[{780B2C37-A104-4893-9A46-9F7922B510D0}]]></ID><Comment><![CDATA[CIS Microsoft Windows Server 2022 v3.0.0 (23H2 ADMX/ADML) Domain Controller L1 Services]]></Comment><GPODisplayName><![CDATA[*Windows Server 2022 v3.0.0 DC L1 Services]]></GPODisplayName></BackupInst></Backups>